Name,Address,Phone,Birthday
jaclyn firth,34 texas street,012345678909,29/05/1968
Regine Bjorkan,28 ayresome avenue,07757720076,28/02/1989
Omero Norcutt,10 Mosinee Terrace,985-424-3726,12/03/1947
Kaylil Van der Kruys,0 John Wall Lane,404-243-5890,31/10/1946
Aubry Jost,63 Homewood Junction,181-269-7630,29/11/1985
Wolfy Coverdale,10115 Gulseth Pass,649-888-8229,09/05/1974
Stirling Groomebridge,310 Kingsford Place,267-740-6230,17/05/2004
Dick Moffet,263 Manitowish Alley,442-365-8108,26/10/1962
Powell Whatley,08 Shopko Road,473-400-7387,29/01/1972
Sebastien Blaes,275 Westend Way,445-535-8841,11/01/2005
Ced Seelbach,9 Waywood Road,423-480-1251,29/12/2011
Conrado Cantillion,4121 Emmet Parkway,738-649-9311,24/05/2004
Aubree Yoselevitch,2 Bultman Pass,959-236-3929,28/03/2014
Ralph Castanho,70 Laurel Parkway,190-937-2528,12/06/1975
Bondy Rosini,07 Grover Park,207-988-1447,27/03/2002
Franz Wyvill,1295 Cambridge Hill,231-917-0262,15/03/1994
Lock McGillreich,93 Crescent Oaks Plaza,166-851-8549,04/05/1969
Brandie Creswell,2329 Ramsey Way,665-975-5683,14/06/2010
Welby Barke,3 Tennessee Parkway,748-667-6805,21/01/2010
Tybalt Dran,7 Marquette Road,214-441-0019,14/10/1946
Claire Penwright,80 Eastwood Hill,262-754-0629,24/06/1960
Flor Pitkins,75943 Leroy Place,637-646-3682,05/11/1948
Shoshanna Dearman,79 Lotheville Point,595-858-4520,08/09/2019
Gail Hentzer,98124 Eliot Pass,265-454-5273,01/01/1948
Mady Lilywhite,35 Fulton Junction,941-958-4934,18/03/1984
Edmund Kupper,176 Cordelia Drive,821-988-5903,09/02/1999
Odelle Raynton,07 Derek Circle,663-166-4252,11/02/1984
Farrel Brilon,7 Sundown Circle,329-363-0550,28/11/2013
Tarra Chappelle,9899 8th Plaza,945-308-9539,06/08/1958
Bobette Morling,296 Sloan Drive,910-916-5562,03/12/1973
Oliviero Gilvear,2 Butternut Lane,874-263-1128,24/04/1951
Arlen Casterou,3 Reindahl Way,748-678-3126,02/05/1952
Wait Stains,4888 Golf View Parkway,650-853-3577,28/11/1964
Ivett Amort,248 Merry Street,607-962-7858,07/08/1937
Fleur Coughan,8 Becker Point,793-304-5641,23/04/1975
Myrah Rudolph,16 Arrowood Drive,216-686-4267,21/12/1991
Tani Langforth,81 Continental Court,145-629-7910,14/02/1982
Edmund Sal,72 Clapham Drive,232-465-5346,22/09/1976
